antecedents,consequents,antecedent support,consequent support,support,confidence,lift,representativity,leverage,conviction,zhangs_metric,jaccard,certainty,kulczynski
frozenset({'Milk'}),frozenset({'Bread'}),0.8,0.8,0.6,0.7499999999999999,0.9374999999999998,1.0,-0.04000000000000015,0.7999999999999995,-0.25000000000000083,0.6,-0.25000000000000083,0.7499999999999999
frozenset({'Bread'}),frozenset({'Milk'}),0.8,0.8,0.6,0.7499999999999999,0.9374999999999998,1.0,-0.04000000000000015,0.7999999999999995,-0.25000000000000083,0.6,-0.25000000000000083,0.7499999999999999
frozenset({'Diaper'}),frozenset({'Bread'}),0.8,0.8,0.6,0.7499999999999999,0.9374999999999998,1.0,-0.04000000000000015,0.7999999999999995,-0.25000000000000083,0.6,-0.25000000000000083,0.7499999999999999
frozenset({'Bread'}),frozenset({'Diaper'}),0.8,0.8,0.6,0.7499999999999999,0.9374999999999998,1.0,-0.04000000000000015,0.7999999999999995,-0.25000000000000083,0.6,-0.25000000000000083,0.7499999999999999
frozenset({'Milk'}),frozenset({'Diaper'}),0.8,0.8,0.6,0.7499999999999999,0.9374999999999998,1.0,-0.04000000000000015,0.7999999999999995,-0.25000000000000083,0.6,-0.25000000000000083,0.7499999999999999
frozenset({'Diaper'}),frozenset({'Milk'}),0.8,0.8,0.6,0.7499999999999999,0.9374999999999998,1.0,-0.04000000000000015,0.7999999999999995,-0.25000000000000083,0.6,-0.25000000000000083,0.7499999999999999
frozenset({'Beer'}),frozenset({'Diaper'}),0.6,0.8,0.6,1.0,1.25,1.0,0.12,inf,0.5,0.75,1.0,0.875
frozenset({'Diaper'}),frozenset({'Beer'}),0.8,0.6,0.6,0.7499999999999999,1.2499999999999998,1.0,0.12,1.5999999999999994,1.0000000000000002,0.75,0.3749999999999998,0.875
